Base-pair;Interaction type;Canonical;Saenger;Leontis-Westhof;BPh;BR;Represented in dot-bracket
X.c13 - X.G14;stacking;N;n/a;n/a;UNKNOWN;UNKNOWN;N
X.G14 - X.C15;stacking;N;n/a;n/a;UNKNOWN;UNKNOWN;N
X.G14 - X.G83;stacking;N;n/a;n/a;UNKNOWN;UNKNOWN;N
X.C15 - X.U16;stacking;N;n/a;n/a;UNKNOWN;UNKNOWN;N
X.U16 - X.G81;stacking;N;n/a;n/a;UNKNOWN;UNKNOWN;N
X.U17 - X.C18;stacking;N;n/a;n/a;UNKNOWN;UNKNOWN;N
X.A19 - X.U20;stacking;N;n/a;n/a;UNKNOWN;UNKNOWN;N
X.A19 - X.G78;stacking;N;n/a;n/a;UNKNOWN;UNKNOWN;N
X.U20 - X.A21;stacking;N;n/a;n/a;UNKNOWN;UNKNOWN;N
X.A21 - X.A76;stacking;N;n/a;n/a;UNKNOWN;UNKNOWN;N
X.A21 - a.a90;stacking;N;n/a;n/a;UNKNOWN;UNKNOWN;N
X.U22 - X.A23;stacking;N;n/a;n/a;UNKNOWN;UNKNOWN;N
X.U22 - X.U47;stacking;N;n/a;n/a;UNKNOWN;UNKNOWN;N
X.A23 - X.U25;stacking;N;n/a;n/a;UNKNOWN;UNKNOWN;N
X.A24 - X.G72;stacking;N;n/a;n/a;UNKNOWN;UNKNOWN;N
X.A24 - X.A73;stacking;N;n/a;n/a;UNKNOWN;UNKNOWN;N
X.U25 - X.C26;stacking;N;n/a;n/a;UNKNOWN;UNKNOWN;N
X.C27 - X.U28;stacking;N;n/a;n/a;UNKNOWN;UNKNOWN;N
X.C27 - X.G44;stacking;N;n/a;n/a;UNKNOWN;UNKNOWN;N
X.U28 - X.G43;stacking;N;n/a;n/a;UNKNOWN;UNKNOWN;N
X.A29 - X.A30;stacking;N;n/a;n/a;UNKNOWN;UNKNOWN;N
X.A29 - X.G42;stacking;N;n/a;n/a;UNKNOWN;UNKNOWN;N
X.A30 - X.U31;stacking;N;n/a;n/a;UNKNOWN;UNKNOWN;N
X.U31 - X.G32;stacking;N;n/a;n/a;UNKNOWN;UNKNOWN;N
X.G32 - X.A33;stacking;N;n/a;n/a;UNKNOWN;UNKNOWN;N
X.G32 - X.U39;stacking;N;n/a;n/a;UNKNOWN;UNKNOWN;N
X.A33 - X.U34;stacking;N;n/a;n/a;UNKNOWN;UNKNOWN;N
X.A35 - X.G37;stacking;N;n/a;n/a;UNKNOWN;UNKNOWN;N
X.A35 - X.C61;stacking;N;n/a;n/a;UNKNOWN;UNKNOWN;N
X.A35 - X.U62;stacking;N;n/a;n/a;UNKNOWN;UNKNOWN;N
X.G37 - X.G38;stacking;N;n/a;n/a;UNKNOWN;UNKNOWN;N
X.G38 - X.C67;stacking;N;n/a;n/a;UNKNOWN;UNKNOWN;N
X.U39 - X.U40;stacking;N;n/a;n/a;UNKNOWN;UNKNOWN;N
X.G42 - X.G43;stacking;N;n/a;n/a;UNKNOWN;UNKNOWN;N
X.G43 - X.G44;stacking;N;n/a;n/a;UNKNOWN;UNKNOWN;N
X.G44 - X.A45;stacking;N;n/a;n/a;UNKNOWN;UNKNOWN;N
X.A45 - X.G46;stacking;N;n/a;n/a;UNKNOWN;UNKNOWN;N
X.U51 - X.A52;stacking;N;n/a;n/a;UNKNOWN;UNKNOWN;N
X.A52 - X.C53;stacking;N;n/a;n/a;UNKNOWN;UNKNOWN;N
X.C54 - X.A55;stacking;N;n/a;n/a;UNKNOWN;UNKNOWN;N
X.A55 - X.G72;stacking;N;n/a;n/a;UNKNOWN;UNKNOWN;N
X.A56 - X.G57;stacking;N;n/a;n/a;UNKNOWN;UNKNOWN;N
X.G57 - X.A58;stacking;N;n/a;n/a;UNKNOWN;UNKNOWN;N
X.G57 - X.U70;stacking;N;n/a;n/a;UNKNOWN;UNKNOWN;N
X.A58 - X.G59;stacking;N;n/a;n/a;UNKNOWN;UNKNOWN;N
X.G59 - X.C60;stacking;N;n/a;n/a;UNKNOWN;UNKNOWN;N
X.U63 - X.A64;stacking;N;n/a;n/a;UNKNOWN;UNKNOWN;N
X.A66 - X.C67;stacking;N;n/a;n/a;UNKNOWN;UNKNOWN;N
X.C67 - X.U68;stacking;N;n/a;n/a;UNKNOWN;UNKNOWN;N
X.U68 - X.C69;stacking;N;n/a;n/a;UNKNOWN;UNKNOWN;N
X.C69 - X.U70;stacking;N;n/a;n/a;UNKNOWN;UNKNOWN;N
X.U70 - X.U71;stacking;N;n/a;n/a;UNKNOWN;UNKNOWN;N
X.U71 - X.G72;stacking;N;n/a;n/a;UNKNOWN;UNKNOWN;N
X.A73 - X.U74;stacking;N;n/a;n/a;UNKNOWN;UNKNOWN;N
X.U74 - X.U75;stacking;N;n/a;n/a;UNKNOWN;UNKNOWN;N
X.U75 - X.A76;stacking;N;n/a;n/a;UNKNOWN;UNKNOWN;N
X.A76 - X.U77;stacking;N;n/a;n/a;UNKNOWN;UNKNOWN;N
X.U77 - X.G78;stacking;N;n/a;n/a;UNKNOWN;UNKNOWN;N
X.A80 - X.G81;stacking;N;n/a;n/a;UNKNOWN;UNKNOWN;N
