"('C_27_0', 'G_43_0')",537,97.45916515426497
"('C_18_0', 'G_78_0')",527,95.6442831215971
"('C_26_0', 'G_44_0')",525,95.28130671506352
"('C_69_0', 'G_57_0')",521,94.55535390199637
"('C_60_0', 'G_38_0')",510,92.5589836660617
"('A_56_0', 'U_70_0')",506,91.83303085299455
"('A_45_0', 'U_25_0')",501,90.92558983666062
"('A_80_0', 'U_16_0')",500,90.74410163339383
"('A_55_0', 'U_71_0')",488,88.56624319419237
"('A_76_0', 'U_20_0')",477,86.5698729582577
"('A_79_0', 'U_17_0')",474,86.02540834845736
"('C_15_0', 'G_81_0')",471,85.48094373865699
"('C_67_0', 'G_59_0')",471,85.48094373865699
"('C_61_0', 'G_37_0')",468,84.93647912885662
"('C_54_0', 'G_72_0')",467,84.75499092558984
"('A_19_0', 'U_77_0')",465,84.39201451905626
"('A_30_0', 'U_40_0')",463,84.0290381125227
"('A_29_0', 'U_41_0')",456,82.75862068965517
"('C_13_0', 'G_83_0')",436,79.12885662431943
"('A_21_0', 'U_75_0')",432,78.40290381125227
"('A_58_0', 'U_68_0')",410,74.41016333938293
"('C_53_0', 'G_46_0')",350,63.52087114337568
"('A_52_0', 'U_22_0')",338,61.34301270417423
